Tokyo,Japan
Jakarta,Indonesia
Delhi,India
Manila,Philippines
San Paulo,Brazil
Seoul,South Korea
Mumbai,India
Shanghai,China
Mexico City,Mexico
Guangzhou,China
Cairo,Egypt
Beijing,China
New York,United States
Moscow,Russia
Bangkok,Thailand
Dhaka,Bangladesh
Buenos Aires,Argentina
ÅŒsaka,Japan
Lagos,Nigeria
Istanbul,Turkey
Karachi,Pakistan
Los Angeles,United States
Rio de Janeiro,Brazil
London,United Kingdom
Paris,France
Lima,Peru
Chicago,United States
Hong Kong,Hong Kong
Miami,United States
Baghdad,Iraq
Khartoum,Sudan
Madrid,Spain
Dallas,United States
Philadelphia,United States
Giza,Egypt
Nairobi,Kenya
Houston,United States
Guadalajara,Mexico
Yongzhou,China
Atlanta,United States
Rangoon,Myanmar
Toronto,Canada
Saint Petersburg,Russia
Washington,United States
Singapore,Singapore
Fuzhou,China
Casablanca,Morocco
Kabul,Afghanistan
Phoenix,United States
Amman,Jordan
Jeddah,Saudi Arabia
Seattle,United States
Yokohama,Japan
Berlin,Germany
San Francisco,United States
Detroit,United States
Chengde,China
Busan,South Korea
Algiers,Algeria
San Diego,United States
Faisalabad,Pakistan
Jaipur,India
Mashhad,Iran
Shaoguan,China
Kuwait City,Kuwait
Shanwei,China
Quezon City,Philippines
Minneapolis,United States
Kyiv,Ukraine
Sanaa,Yemen
Meishan,China
Guatemala City,Guatemala
Incheon,South Korea
Tampa,United States
Salvador,Brazil
Denver,United States
Rome,Italy
La Paz,Bolivia
Pyongyang,North Korea
Taichung,Taiwan
Guayaquil,Ecuador
Cawnpore,India
Santo Domingo,Dominican Republic
Brooklyn,United States
Dubai,United Arab Emirates
Tashkent,Uzbekistan
Guangyuan,China
Havana,Cuba
Phnom Penh,Cambodia
Baltimore,United States
Las Vegas,United States
Chongzuo,China
Rawalpindi,Pakistan
Portland,United States
Damascus,Syria
Cleveland,United States
Pittsburgh,United States
Patna,India
Austin,United States
Kawasaki,Japan
Charlotte,United States
Munich,Germany
Yekaterinburg,Russia
New York,United States
Los Angeles,United States
Chicago,United States
Miami,United States
Dallas,United States
Houston,United States
Philadelphia,United States
Atlanta,United States
Washington,United States
Boston,United States
Phoenix,United States

