customer_id,customer_name,city,country
101,Amanda Crosby,Tokyo,Japan
102,James Harris,Jakarta,Indonesia
103,Michelle Spencer,Delhi,India
104,Michael Barton,Manila,Philippines
105,Jessica Moore,San Paulo,Brazil
106,Andrew Mosley,Seoul,South Korea
107,Robert Fox,Mumbai,India
108,Joseph Compton,Shanghai,China
109,Kevin Sanders Jr.,Mexico City,Mexico
110,Latoya Frey,Guangzhou,China
111,Mr. Roy Hudson,Cairo,Egypt
112,Ralph Ewing,Beijing,China
113,Shannon Davis,New York,United States
114,Jennifer Wade,Kolkāta,India
115,Corey Griffin,Moscow,Russia
116,Juan Stephens,Bangkok,Thailand
117,Carol Lewis,Dhaka,Bangladesh
118,Andrew Ramirez,Buenos Aires,Argentina
119,Jose Jordan,Ōsaka,Japan
120,Kelly Harris,Lagos,Nigeria
121,Philip Sharp,Istanbul,Turkey
122,Joshua Brennan,Karachi,Pakistan
123,Todd Vance,Los Angeles,United States
124,Katherine Newton,Rio de Janeiro,Brazil
125,Jordan Smith,London,United Kingdom
126,Megan Gillespie,Paris,France
127,Henry Crosby,Lima,Peru
128,Marie Miller,Chicago,United States
129,William Porter,Hong Kong,Hong Kong
130,Kyle Peterson,Miami,United States
131,Amy Clark,Baghdad,Iraq
132,Steve Horn,Khartoum,Sudan
133,Donna Smith,Madrid,Spain
134,Benjamin Leon,Dallas,United States
135,Dustin Duncan,Philadelphia,United States
136,Stephen Pace,Giza,Egypt
137,James Mullen,Nairobi,Kenya
138,Tina Jackson,Houston,United States
139,Gerald Oconnell,Guadalajara,Mexico
140,Rebecca Jones,Yongzhou,China
141,Kerry Bentley,Atlanta,United States
142,Steven Owens,Rangoon,Myanmar
143,Rebecca Diaz,Toronto,Canada
144,Jennifer Donaldson,Saint Petersburg,Russia
145,Bradley Rivera,Washington,United States
146,Claudia Garrett,Singapore,Singapore
147,Heidi Christensen,Fuzhou,China
148,Christopher Martinez,Casablanca,Morocco
149,Donald Jones,Kabul,Afghanistan
150,Cynthia Lowery,Phoenix,United States
151,Grace Franklin,Amman,Jordan
152,Alicia Martinez,Jeddah,Saudi Arabia
153,James Turner,Seattle,United States
154,Brenda Williams,Yokohama,Japan
155,Jimmy Rosales,Berlin,Germany
156,Timothy Nelson,San Francisco,United States
157,Timothy Patel,Detroit,United States
158,Elizabeth Perez,Chengde,China
159,Carol Smith,Busan,South Korea
160,Matthew Gates,Algiers,Algeria
161,Nathaniel Alvarez,San Diego,United States
162,Marcus Webb,Faisalabad,Pakistan
163,Thomas Taylor,Jaipur,India
164,Carol Patterson,Mashhad,Iran
165,Stephanie Guerrero,Shaoguan,China
166,Christina Martinez,Kuwait City,Kuwait
167,Victoria Miller,Shanwei,China
168,Andrew Moore,Quezon City,Philippines
169,Ashley Alexander MD,Minneapolis,United States
170,Jacob Moss,Kyiv,Ukraine
171,Michael Hatfield,Sanaa,Yemen
172,Robert Miller,Meishan,China
173,Matthew Barnes,Guatemala City,Guatemala
174,Stephen Boyd,Incheon,South Korea
175,George Edwards,Tampa,United States
176,Richard White,Salvador,Brazil
177,Laura Vasquez,Denver,United States
178,Jeremy Sims,Rome,Italy
179,Erin Bowman,La Paz,Bolivia
180,Stacey Perez,Pyongyang,North Korea
181,Andrew Murphy,Taichung,Taiwan
182,Cynthia Meyer,Guayaquil,Ecuador
183,Andrew Mitchell,Cawnpore,India
184,Cynthia Gray,Santo Domingo,Dominican Republic
185,Sarah Bonilla,Brooklyn,United States
186,Brian Chang,Dubai,United Arab Emirates
187,Joe Thompson,Tashkent,Uzbekistan
188,Brian Gonzales,Guangyuan,China
189,Hannah Combs,Havana,Cuba
190,Amy Williams,Phnom Penh,Cambodia
191,Matthew Hodges,Baltimore,United States
192,Christine Bradley,Las Vegas,United States
193,Chelsea Navarro,Chongzuo,China
194,Wendy Johnson,Rawalpindi,Pakistan
195,Victor Cole,Portland,United States
196,Eric Brown,Damascus,Syria
197,Christina Morgan,Cleveland,United States
198,Beverly Thompson,Pittsburgh,United States
199,Adam Norton,Patna,India
200,Alexandria Murray,Austin,United States
201,Rose Dixon,Kawasaki,Japan
202,Andrew Arellano,Charlotte,United States
203,Joseph Molina,Munich,Germany
204,Walter Fleming,Yekaterinburg,Russia
205,Andrew Newman,New York,United States
206,James Martinez,Los Angeles,United States
207,Jason Scott,Chicago,United States
208,Megan Pena,Miami,United States
209,Deborah Johnston,Dallas,United States
210,Sabrina Sutton,Houston,United States
211,Sherry Henderson,Philadelphia,United States
212,Thomas Brewer,Atlanta,United States
213,Pamela Herman,Washington,United States
214,Annette Brown,Boston,United States
215,Ricky Sloan,Phoenix,United States
216,Brenda Griffith,Detroit,United States
217,Lori Berry,San Francisco,United States
218,Sean Ward,Seattle,United States
219,Nathan Cameron,San Diego,United States
220,Sarah Hull,Minneapolis,United States
221,Jasmine Martinez,Tampa,United States
222,Paige Steele,Brooklyn,United States
223,Ryan Smith,Denver,United States
224,Antonio Lopez,Queens,United States
225,Bryan Miller,Baltimore,United States
226,Christopher Koch,Las Vegas,United States
227,Martha Phillips,St. Louis,United States
228,Lisa Schwartz,Riverside,United States
229,Tyler Mueller,Portland,United States
230,Nathan Larson,San Antonio,United States
231,Brian Jefferson,Sacramento,United States
232,Mary Powell,San Juan,United States
233,Jean Burns,San Jose,United States
234,Kayla Howard,Orlando,United States
235,Megan Williams,Cleveland,United States
236,Nicholas Johns,Pittsburgh,United States
237,Adrian Kramer,Manhattan,United States
238,Amanda Rivera,Austin,United States
239,Daniel Wilson,Cincinnati,United States
240,Robert Wilson,Indianapolis,United States
241,Heidi Becker,Kansas City,United States
242,Susan Jensen,Columbus,United States
243,Lindsay Sweeney,Charlotte,United States
244,Ashley Morgan,Virginia Beach,United States
245,Joe Anderson,Bronx,United States
246,Natalie Hicks,Milwaukee,United States
247,Samantha Parks,Providence,United States
248,Robert Wise,Jacksonville,United States
249,Benjamin Townsend,Salt Lake City,United States
250,Grant Duke,Nashville,United States
251,James Ortega,Tokyo,Japan
252,Christopher Bullock,Jakarta,Indonesia
253,Douglas Wood,Delhi,India
254,Amy Martin,Manila,Philippines
255,Sabrina Richards,San Paulo,Brazil
256,Sarah Jenkins,Seoul,South Korea
257,Samuel Thompson,Mumbai,India
258,Allison Stuart,Shanghai,China
259,Anthony Castro,Mexico City,Mexico
260,Abigail Shea,Guangzhou,China
261,Madeline Bowman,Cairo,Egypt
262,Tyrone Torres,Beijing,China
263,Charles Ramos,New York,United States
264,Rebecca Duncan,Kolkāta,India
265,Amy Marks,Moscow,Russia
266,Brittany Smith,Bangkok,Thailand
267,Debra Diaz,Dhaka,Bangladesh
268,Alejandra Garcia,Buenos Aires,Argentina
269,Gregory Sutton,Lagos,Nigeria
270,Brandy Ellis,Istanbul,Turkey
271,Jasmine Brown,Karachi,Pakistan
272,James Lopez,Los Angeles,United States
273,Mark Rogers,Rio de Janeiro,Brazil
274,Patrick Brown,London,United Kingdom
275,Christopher Leonard,Paris,France
276,Brandon Colon,Lima,Peru
277,Robert Ramos,Chicago,United States
278,Nicole Oliver,Hong Kong,Hong Kong
279,Courtney Davis,Miami,United States
280,Brian Smith,Baghdad,Iraq
281,Kylie Ramirez,Khartoum,Sudan
282,Jason Chambers,Madrid,Spain
283,Austin Cooper,Dallas,United States
284,Andrew Jones,Philadelphia,United States
285,Dr. Rachael Cortez,Giza,Egypt
286,Cathy Cobb,Nairobi,Kenya
287,Phillip Wyatt,Houston,United States
288,Kaitlyn Mcgee,Guadalajara,Mexico
289,Michael Matthews,Yongzhou,China
290,Lawrence Henderson,Atlanta,United States
291,Janet Nguyen,Rangoon,Myanmar
292,Karen Carr,Toronto,Canada
293,Jeffrey Reid,Saint Petersburg,Russia
294,Jeanne Wood,Washington,United States
295,Amanda Adams,Singapore,Singapore
296,Anna Houston,Fuzhou,China
297,Jason Williams,Casablanca,Morocco
298,Jonathan Martinez,Kabul,Afghanistan
299,Tamara Fox,Phoenix,United States
300,Teresa Bentley,Amman,Jordan
301,Kara Black,Jeddah,Saudi Arabia
302,James Weaver,Seattle,United States
303,Sean Kerr,Yokohama,Japan
304,Warren Aguirre,Berlin,Germany
305,John Contreras,San Francisco,United States
306,John Wells,Detroit,United States
307,Ronald Robertson,Chengde,China
308,Christian Kelly,Busan,South Korea
309,Joshua Pena,Algiers,Algeria
310,Hunter Mosley,Tokyo,Japan
311,Christine Gregory,Jakarta,Indonesia
312,Victoria Vazquez,Delhi,India
313,Carlos Howard,Manila,Philippines
314,Jeffrey Mcgee,San Paulo,Brazil
315,Shawn Gregory,Seoul,South Korea
316,Matthew Hodges,Mumbai,India
317,Courtney Saunders,Shanghai,China
318,Jenna Washington,Mexico City,Mexico
319,Vanessa Johnson,Guangzhou,China
320,James Acosta,Cairo,Egypt
321,William Burke,Beijing,China
322,Jared Hunt,New York,United States
323,Ryan Miller,Kolkāta,India
324,Jon Thompson,Moscow,Russia
325,Cynthia Cortez,Bangkok,Thailand
326,Lindsey Patel,Dhaka,Bangladesh
327,Steven Perez,Buenos Aires,Argentina
328,Mitchell Allen,Ōsaka,Japan
329,Curtis Gomez,Lagos,Nigeria
330,Jane Wu,Istanbul,Turkey
331,Richard Thomas,Karachi,Pakistan
332,Derrick Colon,Los Angeles,United States
333,Matthew Cortez,Rio de Janeiro,Brazil
334,Daniel Carrillo,London,United Kingdom
335,Kayla Peterson,Paris,France
336,Michael Robertson,Lima,Peru
337,Stephen Brooks,Chicago,United States
338,Natalie Beard,Hong Kong,Hong Kong
339,Ashley Jenkins,Miami,United States
340,Kara Mcguire,Baghdad,Iraq
341,Alexander Garcia,Khartoum,Sudan
342,Kimberly Moreno,Madrid,Spain
343,Andre Smith,Dallas,United States
344,Elizabeth Solis,Philadelphia,United States
345,Keith Scott,Giza,Egypt
346,Mary Medina,Nairobi,Kenya
347,Carrie Lucero,Houston,United States
348,Michael Compton,Guadalajara,Mexico
349,Richard Tran,Yongzhou,China
350,Amy Sullivan,Atlanta,United States
351,Michael Spears,Rangoon,Myanmar
352,Travis Stewart,Toronto,Canada
353,Francisco Massey,Saint Petersburg,Russia
354,Stephanie Smith,Washington,United States
355,Emily Chapman,Singapore,Singapore
356,Steven Robinson,Fuzhou,China
357,Emily Coleman,Casablanca,Morocco
358,Tim Walters,Kabul,Afghanistan
359,Jordan Burton,Phoenix,United States
360,Lauren Serrano,Amman,Jordan
361,Jennifer Lowery,Jeddah,Saudi Arabia
362,Chad Fischer,Seattle,United States
363,Shawn Harris,Yokohama,Japan
364,Virginia Frank,Berlin,Germany
365,James Davis,San Francisco,United States
366,Cheryl Thomas,Detroit,United States
367,Matthew Mendez,Chengde,China
368,Ariel Bautista,Busan,South Korea
369,Jacob Murphy,Algiers,Algeria
370,Sarah Klein,San Diego,United States
371,Amanda Sloan,Faisalabad,Pakistan
372,Jeffrey Bernard,Jaipur,India
373,Lisa Jones,Mashhad,Iran
374,Luis English,Shaoguan,China
375,Toni Meyer,Kuwait City,Kuwait
376,Raymond Gallegos,Shanwei,China
377,Adam Hayes,Quezon City,Philippines
378,Veronica Dean,Minneapolis,United States
379,Christine Edwards,Kyiv,Ukraine
380,Joshua Molina,Sanaa,Yemen
381,Allen Mathis,Meishan,China
382,Anthony Bowen,Guatemala City,Guatemala
383,Mr. John Chapman,Incheon,South Korea
384,Lisa Gonzalez,Tampa,United States
385,Spencer Austin,Salvador,Brazil
386,Jeffrey Moreno,Denver,United States
387,Jamie Lewis,Rome,Italy
388,Jill Suarez,La Paz,Bolivia
389,Laura Jacobs,Pyongyang,North Korea
390,Shawn Peterson,Taichung,Taiwan
391,Michael Garcia,Guayaquil,Ecuador
392,Jeremy Chapman,Cawnpore,India
393,Michael Wagner,Santo Domingo,Dominican Republic
394,Susan Wilkins,Brooklyn,United States
395,Dominic Lucero,Dubai,United Arab Emirates
396,Erin Wilson,Tashkent,Uzbekistan
397,Michael Stein,Guangyuan,China
398,James Aguirre,Havana,Cuba
399,Nathan Reed,Phnom Penh,Cambodia
400,Calvin Nielsen,Baltimore,United States
401,Vincent Davis,Las Vegas,United States
402,Gary Stewart,Chongzuo,China
403,Joseph Gillespie,Rawalpindi,Pakistan
404,Hector Jimenez,Portland,United States
405,Thomas Miller,Damascus,Syria
406,Eric Alvarez,Cleveland,United States
407,Craig Johnson,Pittsburgh,United States
408,Kristen Morgan,Patna,India
409,Keith Baker,Austin,United States
410,Heather Vazquez,Kawasaki,Japan
411,Deborah Hernandez,Charlotte,United States
412,John Patterson,Munich,Germany
413,Sarah Bates,Yekaterinburg,Russia
414,Kenneth Mcdowell,Tokyo,Japan
415,Devin Gonzalez,Jakarta,Indonesia
416,Regina Robles,Delhi,India
417,Matthew Soto,Manila,Philippines
418,Cynthia Myers,San Paulo,Brazil
419,Christian Lewis,Seoul,South Korea
420,Rachel Johnson MD,Mumbai,India
421,Todd Moore,Shanghai,China
422,Shannon Koch,Mexico City,Mexico
423,Michael Palmer,Guangzhou,China
424,Grant White MD,Cairo,Egypt
425,Jon Norman,Beijing,China
426,Gabriel Cantu,New York,United States
427,Jesse Jackson,Kolkāta,India
428,Kristin Jones,Moscow,Russia
429,Kenneth Moody,Bangkok,Thailand
430,Richard Johnson,Dhaka,Bangladesh
431,Heidi Reid,Buenos Aires,Argentina
432,Jim Leach,Ōsaka,Japan
433,Jennifer Davis,Lagos,Nigeria
434,Samuel Rodriguez,Istanbul,Turkey
435,Craig Gross,Karachi,Pakistan
436,Edward Harper,Los Angeles,United States
437,Wesley Callahan,Rio de Janeiro,Brazil
438,Elizabeth Black,London,United Kingdom
439,Sara Martin,Paris,France
440,Laura Berry,Lima,Peru
441,Leslie Rowe,Chicago,United States
442,David Hayes,Hong Kong,Hong Kong
443,James Jacobs,Miami,United States
444,Ryan Ford,Baghdad,Iraq
445,Christopher Johnston,Khartoum,Sudan
446,Kelly Gallegos,Madrid,Spain
447,David Hanson,Dallas,United States
448,Kevin Jones,Philadelphia,United States
449,Samuel Moore,Giza,Egypt
450,Alexander Wright,Nairobi,Kenya
451,Chloe Johnson,Houston,United States
452,Kristi Watson,Guadalajara,Mexico
453,Mason Daniels,Yongzhou,China
454,Patricia Hoffman,Atlanta,United States
455,Lisa White,Rangoon,Myanmar
456,Christopher Green,Toronto,Canada
457,Tina Armstrong,Saint Petersburg,Russia
458,Karen Simmons,Washington,United States
459,Paul Williams,Singapore,Singapore
460,Zachary Melton,Fuzhou,China
461,Andrew Houston,Casablanca,Morocco
462,Caroline Navarro,Kabul,Afghanistan
463,Robert Miller,Phoenix,United States
464,Rebecca Parsons,Amman,Jordan
465,Andre Garcia,Jeddah,Saudi Arabia
466,Catherine Roberts,Seattle,United States
467,Jerry Pitts,Yokohama,Japan
468,Virginia White,Berlin,Germany
469,Sydney Stevenson,San Francisco,United States
470,Amber Jackson,Detroit,United States
471,Dominic Ryan,Chengde,China
472,Miguel Mcbride,Busan,South Korea
473,Robert Frank,Algiers,Algeria
474,Andre Jones,San Diego,United States
475,Shelly Wyatt,Faisalabad,Pakistan
476,Grant Acosta,Jaipur,India
477,Kristin Jacobs,Mashhad,Iran
478,Brian Arellano,Shaoguan,China
479,Mrs. Elizabeth Oliver,Kuwait City,Kuwait
480,Bradley Silva MD,Shanwei,China
481,Sandra Booth,Quezon City,Philippines
482,Jonathan Oconnor,Minneapolis,United States
483,Wyatt Brown,Kyiv,Ukraine
484,Shannon Hernandez,Sanaa,Yemen
485,William Lopez,Meishan,China
486,Cindy Murphy,Guatemala City,Guatemala
487,Michael Miller,Incheon,South Korea
488,Adam Davis,Tampa,United States
489,Peter Lee,Salvador,Brazil
490,Sarah Hernandez,Denver,United States
491,Melissa Reynolds,Rome,Italy
492,Danny Waller,La Paz,Bolivia
493,Misty Cox,Pyongyang,North Korea
494,Emily Griffin,Taichung,Taiwan
495,Darryl Roberts,Guayaquil,Ecuador
496,Susan Edwards,Cawnpore,India
497,Steven Harmon,Santo Domingo,Dominican Republic
498,Brittany Fowler,Brooklyn,United States
499,Cynthia Mitchell,Dubai,United Arab Emirates
